engine,query_file,successful_runs,mean_seconds,stdev_seconds
psql,q1.sql,5,11.731384466594317,0.12884636341031588
psql,q2.sql,5,1.0060491499985802,0.009969090903966466
psql,q3.sql,5,0.9351164584018988,0.003976294832393071
mongodb,q2.js,5,7.307446916602203,0.13047603579572264
mongodb,q3.js,5,7.340502249999554,0.05630305048201983
graph,q1.cypher,5,37.05125566659844,3.573026432960419
graph,q2.cypher,5,8.202803258202039,0.4048924111814628
graph,q3.cypher,5,7.848857724800473,0.08263032251207515
